,Rank,Track,Artist,Streams,URL,track_id,danceability,energy,key,loudness,mode,speechiness,acousticness,instrumentalness,liveness,valence,tempo,duration_ms,time_signature
0,1,Blinding Lights,The Weeknd,46779503,https://open.spotify.com/track/0VjIjW4GlUZAMYd2vXMi3b,0VjIjW4GlUZAMYd2vXMi3b,0.514,0.73,1,-5.934,1,0.0598,0.00146,9.54e-05,0.0897,0.334,171.005,200040,4
1,2,Don't Start Now,Dua Lipa,37779776,https://open.spotify.com/track/3PfIrDoz19wz7qK7tYeu62,3PfIrDoz19wz7qK7tYeu62,0.794,0.793,11,-4.521,0,0.0842,0.0125,0.0,0.0952,0.677,123.941,183290,4
2,3,Roses - Imanbek Remix,SAINt JHN,32190834,https://open.spotify.com/track/24Yi9hE78yPEbZ4kxyoXAI,24Yi9hE78yPEbZ4kxyoXAI,0.77,0.724,8,-5.484,1,0.0495,0.0167,0.0105,0.353,0.898,121.974,176840,4
3,4,The Box,Roddy Ricch,31653811,https://open.spotify.com/track/0nbXyq5TXYPCO7pr3N8S4I,0nbXyq5TXYPCO7pr3N8S4I,0.896,0.586,10,-6.687,0,0.0559,0.104,0.0,0.79,0.642,116.971,196653,4
4,5,Dance Monkey,Tones And I,29885504,https://open.spotify.com/track/1rgnBhdG2JDFTbYkYRZAku,1rgnBhdG2JDFTbYkYRZAku,0.825,0.593,6,-6.401,0,0.0988,0.688,0.000161,0.17,0.54,98.078,209755,4
5,6,death bed (coffee for your head) (feat. beabadoobee),Powfu,27959285,https://open.spotify.com/track/7eJMfftS33KTjuF7lTsMCx,7eJMfftS33KTjuF7lTsMCx,0.726,0.431,8,-8.765,0,0.135,0.731,0.0,0.696,0.348,144.026,173333,4
6,7,Break My Heart,Dua Lipa,25320233,https://open.spotify.com/track/017PF4Q3l4DBUiWoXk4OWT,017PF4Q3l4DBUiWoXk4OWT,0.73,0.729,4,-3.434,0,0.0886,0.167,1.39e-06,0.349,0.467,113.012,221820,4
7,8,Say So,Doja Cat,24515508,https://open.spotify.com/track/3Dv1eDb0MEgF93GpLXlucZ,3Dv1eDb0MEgF93GpLXlucZ,0.787,0.673,11,-4.577,0,0.158,0.256,3.57e-06,0.0904,0.786,110.962,237893,4
8,9,Intentions (feat. Quavo),Justin Bieber,23456128,https://open.spotify.com/track/4umIPjkehX1r7uhmGvXiSV,4umIPjkehX1r7uhmGvXiSV,0.806,0.546,9,-6.637,1,0.0575,0.3,0.0,0.102,0.874,147.986,212867,4
9,10,Blueberry Faygo,Lil Mosey,23094739,https://open.spotify.com/track/22LAwLoDA5b4AaGSkg6bKW,22LAwLoDA5b4AaGSkg6bKW,0.774,0.554,0,-7.909,1,0.0383,0.207,0.0,0.132,0.349,99.034,162547,4
10,11,Safaera,Bad Bunny,22596514,https://open.spotify.com/track/2DEZmgHKAvm41k4J3R2E9Y,2DEZmgHKAvm41k4J3R2E9Y,0.607,0.829,2,-4.074,1,0.379,0.0103,0.0,0.107,0.685,96.172,295177,4
11,12,Physical,Dua Lipa,22306618,https://open.spotify.com/track/3AzjcOeAmA57TIOr9zF1ZW,3AzjcOeAmA57TIOr9zF1ZW,0.647,0.844,0,-3.756,1,0.0457,0.0137,0.000658,0.102,0.746,146.962,193829,4
12,13,Falling,Trevor Daniel,21724066,https://open.spotify.com/track/2rRJrJEo19S2J82BDsQ3F7,2rRJrJEo19S2J82BDsQ3F7,0.784,0.43,10,-8.756,0,0.0364,0.123,0.0,0.0887,0.236,127.087,159382,4
13,14,In Your Eyes,The Weeknd,20507952,https://open.spotify.com/track/7szuecWAPwGoV1e5vGu8tl,7szuecWAPwGoV1e5vGu8tl,0.667,0.719,7,-5.371,0,0.0346,0.00285,8.1e-05,0.0736,0.717,100.021,237520,4
14,15,Sunday Best,Surfaces,19929893,https://open.spotify.com/track/1Cv1YLb4q0RzL6pybtaMLo,1Cv1YLb4q0RzL6pybtaMLo,0.878,0.525,5,-6.832,1,0.0578,0.183,0.0,0.0714,0.694,112.022,158571,4
15,16,ROXANNE,Arizona Zervas,18770515,https://open.spotify.com/track/696DnlkuDOXcMAnKlTgXXK,696DnlkuDOXcMAnKlTgXXK,0.621,0.601,6,-5.616,0,0.148,0.0522,0.0,0.46,0.457,116.735,163636,5
16,17,Supalonely,BENEE,18644274,https://open.spotify.com/track/4nK5YrxbMGZstTLbvj6Gxw,4nK5YrxbMGZstTLbvj6Gxw,0.863,0.631,7,-4.689,1,0.0534,0.305,3.04e-05,0.123,0.817,128.977,223480,4
17,18,Tusa,KAROL G,18024557,https://open.spotify.com/track/7k4t7uLgtOxPwTpFmtJNTY,7k4t7uLgtOxPwTpFmtJNTY,0.803,0.715,2,-3.28,1,0.298,0.295,0.000134,0.0574,0.574,101.085,200960,4
18,19,Someone You Loved,Lewis Capaldi,17093304,https://open.spotify.com/track/7qEHsqek33rTcFNT9PFqLf,7qEHsqek33rTcFNT9PFqLf,0.501,0.405,1,-5.679,1,0.0319,0.751,0.0,0.105,0.446,109.891,182161,4
19,20,Circles,Post Malone,16491197,https://open.spotify.com/track/21jGcNKet2qwijlDFuPiPb,21jGcNKet2qwijlDFuPiPb,0.695,0.762,0,-3.497,1,0.0395,0.192,0.00244,0.0863,0.553,120.042,215280,4
20,21,Rojo,J Balvin,16476452,https://open.spotify.com/track/380HmhwTE2NJgawn1NwkXi,380HmhwTE2NJgawn1NwkXi,0.663,0.598,11,-4.042,1,0.17,0.193,8.02e-05,0.0856,0.4,172.245,150720,4
21,22,BELIEVE IT,PARTYNEXTDOOR,15809393,https://open.spotify.com/track/4HDCLYli2SUdkq9OjmvhSD,4HDCLYli2SUdkq9OjmvhSD,0.43,0.7,6,-5.35,1,0.264,0.0902,0.0,0.216,0.731,158.373,183219,4
22,23,La Difícil,Bad Bunny,15660984,https://open.spotify.com/track/6NfrH0ANGmgBXyxgV2PeXt,6NfrH0ANGmgBXyxgV2PeXt,0.685,0.848,8,-4.561,0,0.0858,0.0861,7.14e-06,0.0783,0.761,179.87,163084,4
23,24,Yo Perreo Sola,Bad Bunny,15254475,https://open.spotify.com/track/0SqqAgdovOE24BzxIClpjw,0SqqAgdovOE24BzxIClpjw,0.86,0.758,11,-5.16,1,0.0695,0.021,6.54e-05,0.344,0.453,97.014,172127,4
24,25,Turks (feat. Travis Scott),NAV,15141854,https://open.spotify.com/track/0lSZh5W0wDeurkGzLYY6hf,0lSZh5W0wDeurkGzLYY6hf,0.893,0.618,7,-4.425,0,0.112,0.0827,0.0,0.542,0.389,119.099,161377,4
25,26,Adore You,Harry Styles,14850291,https://open.spotify.com/track/3jjujdWJ72nww5eGnfs2E7,3jjujdWJ72nww5eGnfs2E7,0.676,0.771,8,-3.675,1,0.0483,0.0237,7e-06,0.102,0.569,99.048,207133,4
26,27,Memories,Maroon 5,14317781,https://open.spotify.com/track/2b8fOow8UzyDFAE27YhOZM,2b8fOow8UzyDFAE27YhOZM,0.764,0.32,11,-7.209,1,0.0546,0.837,0.0,0.0822,0.575,91.019,189486,4
27,28,Savage,Megan Thee Stallion,14264460,https://open.spotify.com/track/55CHeLEfn5iJ0IIkgaa4si,55CHeLEfn5iJ0IIkgaa4si,0.843,0.741,11,-5.609,1,0.334,0.0252,0.0,0.096,0.68,168.983,155497,4
28,29,After Hours,The Weeknd,14167539,https://open.spotify.com/track/2p8IUWQDrpjuFltbdgLOag,2p8IUWQDrpjuFltbdgLOag,0.664,0.572,5,-6.099,0,0.0305,0.0811,0.00604,0.121,0.143,108.959,361027,4
29,30,Godzilla (feat. Juice WRLD),Eminem,14046433,https://open.spotify.com/track/7FIWs0pqAYbP91WWM0vlTQ,7FIWs0pqAYbP91WWM0vlTQ,0.808,0.745,10,-5.26,0,0.342,0.145,0.0,0.292,0.829,165.995,210800,4
30,31,Si Veo a Tu Mamá,Bad Bunny,13787410,https://open.spotify.com/track/41wtwzCZkXwpnakmwJ239F,41wtwzCZkXwpnakmwJ239F,0.9,0.603,2,-5.313,1,0.0646,0.402,4.81e-06,0.134,0.824,129.928,170972,4
31,32,Ignorantes,Bad Bunny,13180060,https://open.spotify.com/track/38RIEav39FGi86jppxO0du,38RIEav39FGi86jppxO0du,0.85,0.536,1,-5.161,1,0.0599,0.267,3.89e-05,0.0996,0.505,96.029,210607,4
32,33,bad guy,Billie Eilish,13162759,https://open.spotify.com/track/2Fxmhks0bxGSBdJ92vM42m,2Fxmhks0bxGSBdJ92vM42m,0.701,0.425,7,-10.965,1,0.375,0.328,0.13,0.1,0.562,135.128,194088,4
33,34,everything i wanted,Billie Eilish,12891702,https://open.spotify.com/track/3ZCTVFBt2Brf31RLEnCkWJ,3ZCTVFBt2Brf31RLEnCkWJ,0.704,0.225,6,-14.454,0,0.0994,0.902,0.657,0.106,0.243,120.006,245426,4
34,35,Boss Bitch,Doja Cat,12777749,https://open.spotify.com/track/78qd8dvwea0Gosb6Fe6j3k,78qd8dvwea0Gosb6Fe6j3k,0.707,0.955,10,-4.593,0,0.222,0.127,0.0,0.202,0.575,125.989,134240,4
35,36,Life Is Good (feat. Drake),Future,12594676,https://open.spotify.com/track/5yY9lUy8nbvjM1Uyo1Uqoc,5yY9lUy8nbvjM1Uyo1Uqoc,0.676,0.609,2,-5.831,0,0.481,0.0706,0.0,0.152,0.508,142.037,237735,4
36,37,Before You Go,Lewis Capaldi,12233111,https://open.spotify.com/track/2gMXnyrvIjhVBUZwvLZDMP,2gMXnyrvIjhVBUZwvLZDMP,0.459,0.575,3,-4.858,1,0.0573,0.604,0.0,0.0885,0.183,111.881,215107,4
37,38,WHATS POPPIN,Jack Harlow,12075336,https://open.spotify.com/track/1jaTQ3nqY3oAAYyCTbIvnM,1jaTQ3nqY3oAAYyCTbIvnM,0.923,0.604,11,-6.671,0,0.245,0.017,0.0,0.272,0.826,145.062,139741,4
38,39,Amarillo,J Balvin,11750715,https://open.spotify.com/track/6zEgnpM0qYmHLDnh8WPejL,6zEgnpM0qYmHLDnh8WPejL,0.641,0.857,1,-5.725,0,0.301,0.013,0.00534,0.0695,0.961,122.728,157733,5
39,40,Yummy,Justin Bieber,11661796,https://open.spotify.com/track/16wAOAZ2OkqoIDN7TpChjR,16wAOAZ2OkqoIDN7TpChjR,0.676,0.506,9,-6.652,0,0.0958,0.345,0.0,0.118,0.497,145.842,208520,4
40,41,Señorita,Shawn Mendes,11574957,https://open.spotify.com/track/6v3KW9xbzN5yKLt9YKDYA2,6v3KW9xbzN5yKLt9YKDYA2,0.759,0.548,9,-6.049,0,0.029,0.0392,0.0,0.0828,0.749,116.967,190800,4
41,42,Morado,J Balvin,11539517,https://open.spotify.com/track/35KmOEIUqAGn02t7n4qaIr,35KmOEIUqAGn02t7n4qaIr,0.885,0.68,11,-3.837,0,0.0848,0.131,1.77e-05,0.0875,0.78,97.003,200267,4
42,43,Like It Is,Kygo,10760952,https://open.spotify.com/track/3frUvGrmGcay91lvFbOgsN,3frUvGrmGcay91lvFbOgsN,0.794,0.728,1,-6.759,1,0.114,0.121,8.82e-06,0.227,0.36,105.024,183067,4
43,44,Sigues Con El,Dimelo Flow,10196855,https://open.spotify.com/track/7sQKy5vlPQllr0k9IjYJv3,7sQKy5vlPQllr0k9IjYJv3,0.883,0.668,9,-2.957,1,0.113,0.11,0.000529,0.0734,0.676,87.972,226533,4
44,45,Tattoo,Rauw Alejandro,10167068,https://open.spotify.com/track/7na7Bk98usp84FaOJFPv3d,7na7Bk98usp84FaOJFPv3d,0.755,0.617,9,-5.144,1,0.182,0.0217,0.0,0.0625,0.745,193.896,202887,4
45,46,Heartless,The Weeknd,9885487,https://open.spotify.com/track/6bnF93Rx87YqUBLSgjiMU8,6bnF93Rx87YqUBLSgjiMU8,0.537,0.746,10,-5.507,0,0.15,0.0236,1.01e-06,0.156,0.252,170.062,198267,4
46,47,La Santa,Bad Bunny,9773102,https://open.spotify.com/track/69vlMrzHwATKzupwNcUPyK,69vlMrzHwATKzupwNcUPyK,0.744,0.868,1,-4.524,1,0.047,0.0326,0.0,0.0822,0.586,93.037,206420,4
47,48,Vete,Bad Bunny,9740975,https://open.spotify.com/track/2n7ohqg1s68ToAHh4u9mcW,2n7ohqg1s68ToAHh4u9mcW,0.886,0.672,1,-4.394,1,0.188,0.0363,8.78e-06,0.101,0.526,91.976,192024,4
48,49,lovely (with Khalid),Billie Eilish,9641472,https://open.spotify.com/track/0u2P5u6lvoDfwTYjAADbn4,0u2P5u6lvoDfwTYjAADbn4,0.351,0.296,4,-10.109,0,0.0333,0.934,0.0,0.095,0.12,115.284,200186,4
49,50,You should be sad,Halsey,9526055,https://open.spotify.com/track/7lidXGPXPYLNThITAOTlkK,7lidXGPXPYLNThITAOTlkK,0.591,0.585,2,-6.35,1,0.0277,0.143,0.0,0.109,0.324,110.94,205473,4
50,51,Skechers,DripReport,9434022,https://open.spotify.com/track/2alc8VZAzDgdAsL2QMk3hu,2alc8VZAzDgdAsL2QMk3hu,0.903,0.327,1,-9.727,1,0.0876,0.26,0.011,0.108,0.274,100.008,106000,4
51,52,Levitating,Dua Lipa,9402025,https://open.spotify.com/track/39LLxExYz6ewLAcYrzQQyP,39LLxExYz6ewLAcYrzQQyP,0.695,0.883,6,-2.286,0,0.0778,0.0533,0.0,0.213,0.907,103.014,203808,4
52,53,High Fashion (feat. Mustard),Roddy Ricch,9276411,https://open.spotify.com/track/07KXEDMj78x68D884wgVEm,07KXEDMj78x68D884wgVEm,0.831,0.499,11,-8.442,0,0.114,0.269,0.0,0.3,0.511,97.956,220487,4
53,54,My Oh My (feat. DaBaby),Camila Cabello,9212385,https://open.spotify.com/track/3yOlyBJuViE2YSGn3nVE1K,3yOlyBJuViE2YSGn3nVE1K,0.724,0.491,8,-6.024,1,0.0296,0.018,1.29e-05,0.0887,0.383,105.046,170746,4
54,55,Hallucinate,Dua Lipa,9111638,https://open.spotify.com/track/1nYeVF5vIBxMxfPoL0SIWg,1nYeVF5vIBxMxfPoL0SIWg,0.627,0.69,10,-5.396,0,0.138,0.0325,0.0,0.0742,0.628,122.054,208505,4
55,56,RITMO (Bad Boys For Life),Black Eyed Peas,9098017,https://open.spotify.com/track/6cy3ki60hLwimwIje7tALf,6cy3ki60hLwimwIje7tALf,0.721,0.716,10,-7.037,0,0.0657,0.0334,0.00084,0.237,0.667,104.994,221714,4
56,57,Ride It,Regard,9084631,https://open.spotify.com/track/2tnVG71enUj33Ic2nFN6kZ,2tnVG71enUj33Ic2nFN6kZ,0.88,0.751,7,-4.258,0,0.0874,0.177,6.43e-05,0.106,0.884,117.948,157606,4
57,58,CITY OF ANGELS,24kGoldn,9051153,https://open.spotify.com/track/6ap9lSRJ0iLriGLqoJ44cq,6ap9lSRJ0iLriGLqoJ44cq,0.686,0.541,0,-4.993,0,0.0493,0.042,0.0,0.0675,0.724,120.084,112493,4
58,59,Sunflower - Spider-Man: Into the Spider-Verse,Post Malone,9025838,https://open.spotify.com/track/0RiRZpuVRbi7oqRdSMwhQY,0RiRZpuVRbi7oqRdSMwhQY,0.755,0.522,2,-4.368,1,0.0575,0.533,0.0,0.0685,0.925,89.96,157560,4
59,60,Lose Control,MEDUZA,8999292,https://open.spotify.com/track/7CHi4DtfK4heMlQaudCuHK,7CHi4DtfK4heMlQaudCuHK,0.598,0.526,10,-8.659,0,0.0415,0.129,0.0,0.14,0.529,123.935,168387,4
60,61,Moral of the Story,Ashe,8983524,https://open.spotify.com/track/2nC3QhMI9reBIOWutbU3Tj,2nC3QhMI9reBIOWutbU3Tj,0.572,0.406,10,-8.624,1,0.0427,0.587,4.48e-06,0.102,0.265,119.812,201084,4
61,62,hot girl bummer,blackbear,8623465,https://open.spotify.com/track/7aiClxsDWFRQ0Kzk5KI5ku,7aiClxsDWFRQ0Kzk5KI5ku,0.778,0.559,6,-7.109,0,0.0776,0.128,0.0,0.399,0.678,129.989,185093,1
62,63,If the World Was Ending - feat. Julia Michaels,JP Saxe,8608481,https://open.spotify.com/track/2kJwzbxV2ppxnQoYw4GLBZ,2kJwzbxV2ppxnQoYw4GLBZ,0.464,0.473,1,-10.086,1,0.129,0.866,0.0,0.109,0.604,75.801,208687,4
63,64,I Don't Care (with Justin Bieber),Ed Sheeran,8567938,https://open.spotify.com/track/0hVXuCcriWRGvwMV1r5Yn9,0hVXuCcriWRGvwMV1r5Yn9,0.798,0.675,6,-5.041,1,0.0442,0.0912,0.0,0.0894,0.842,101.956,219947,4
64,65,Diosa,Myke Towers,8548655,https://open.spotify.com/track/3JHpk0DOTOzyh0777JFAky,3JHpk0DOTOzyh0777JFAky,0.801,0.745,6,-3.733,0,0.063,0.398,0.00603,0.153,0.245,104.965,214013,4
65,66,Walk Em Down (feat. Roddy Ricch),NLE Choppa,8522799,https://open.spotify.com/track/4cSSL3YafYjM3yjgFO1vJg,4cSSL3YafYjM3yjgFO1vJg,0.867,0.744,9,-5.171,0,0.228,0.268,0.0,0.0713,0.645,84.005,173288,4
66,67,Stupid Love,Lady Gaga,8385575,https://open.spotify.com/track/2kJu14V7hbZw3I4K8L8SXb,2kJu14V7hbZw3I4K8L8SXb,0.676,0.815,8,-4.294,1,0.0625,0.00146,0.00041,0.275,0.796,117.973,193531,4
67,68,Save Your Tears,The Weeknd,8359948,https://open.spotify.com/track/5QO79kh1waicV47BqGRL3g,5QO79kh1waicV47BqGRL3g,0.68,0.826,0,-5.487,1,0.0309,0.0212,1.24e-05,0.543,0.644,118.051,215627,4
68,69,Pretty Please,Dua Lipa,8165948,https://open.spotify.com/track/6DXZiYUbrYgrVIhfX3U9Z2,6DXZiYUbrYgrVIhfX3U9Z2,0.906,0.474,1,-6.124,1,0.194,0.0311,5.41e-06,0.286,0.654,106.977,194607,4
69,70,Cool,Dua Lipa,8136247,https://open.spotify.com/track/2nMOodYNHBAQ3Kc1QNimZU,2nMOodYNHBAQ3Kc1QNimZU,0.469,0.785,5,-4.015,0,0.0664,0.133,1.63e-06,0.0931,0.79,89.717,209583,4
70,71,Future Nostalgia,Dua Lipa,8091754,https://open.spotify.com/track/6zrJLhslleCHby0wbUnvVy,6zrJLhslleCHby0wbUnvVy,0.875,0.813,7,-4.502,1,0.0578,0.00618,0.0,0.321,0.859,114.994,184882,4
71,72,P2,Lil Uzi Vert,8055121,https://open.spotify.com/track/3kW4z2pIj5VY5fLjBrMRL5,3kW4z2pIj5VY5fLjBrMRL5,0.775,0.72,11,-5.353,0,0.193,0.0236,0.0,0.114,0.49,155.086,234627,4
72,73,No Time To Die,Billie Eilish,7993335,https://open.spotify.com/track/73SpzrcaHk0RQPFP73vqVR,73SpzrcaHk0RQPFP73vqVR,0.38,0.219,4,-13.273,0,0.0358,0.917,0.0104,0.0827,0.0517,73.537,242265,4
73,74,Lucid Dreams,Juice WRLD,7912202,https://open.spotify.com/track/285pBltuF7vW8TeWk8hdRR,285pBltuF7vW8TeWk8hdRR,0.511,0.566,6,-7.23,0,0.2,0.349,0.0,0.34,0.218,83.903,239836,4
74,75,"10,000 Hours (with Justin Bieber)",Dan + Shay,7888678,https://open.spotify.com/track/2wrJq5XKLnmhRXHIAf9xBa,2wrJq5XKLnmhRXHIAf9xBa,0.654,0.63,10,-4.644,1,0.0259,0.153,0.0,0.111,0.43,89.991,167693,4
75,76,Love Again,Dua Lipa,7721379,https://open.spotify.com/track/4rPkN1FMzQyFNP9cLUGIIB,4rPkN1FMzQyFNP9cLUGIIB,0.66,0.668,11,-4.668,0,0.0339,0.00173,2.85e-05,0.1,0.468,115.984,258004,4
76,77,when the party's over,Billie Eilish,7681427,https://open.spotify.com/track/43zdsphuZLzwA9k4DJhU0I,43zdsphuZLzwA9k4DJhU0I,0.367,0.111,4,-14.084,1,0.0972,0.978,3.97e-05,0.0897,0.198,82.642,196077,4
77,78,Hola - Remix,Dalex,7619152,https://open.spotify.com/track/5stPVcRqb4qixbafP9e8lt,5stPVcRqb4qixbafP9e8lt,0.654,0.672,0,-5.98,0,0.311,0.471,0.0,0.0781,0.343,181.857,249520,4
78,79,Like That (feat. Gucci Mane),Doja Cat,7527428,https://open.spotify.com/track/4EivmOT13NMpNSfTKn9p4s,4EivmOT13NMpNSfTKn9p4s,0.879,0.499,4,-6.027,0,0.18,0.24,0.0,0.0967,0.405,106.043,163173,4
79,80,Suicidal (Remix) [feat. Juice WRLD],YNW Melly,7434521,https://open.spotify.com/track/4S2uhQE8L9V6p7rj7SiauJ,4S2uhQE8L9V6p7rj7SiauJ,0.655,0.441,9,-5.245,0,0.0629,0.474,0.0,0.099,0.273,139.957,225857,4
80,81,That Way - Bonus Track,Lil Uzi Vert,7364095,https://open.spotify.com/track/2ajzBr7vwHTEBeqDzcsNRC,2ajzBr7vwHTEBeqDzcsNRC,0.712,0.599,7,-5.368,0,0.0388,0.0554,0.0,0.154,0.503,130.007,212354,4
81,82,Know Your Worth,Khalid,7268523,https://open.spotify.com/track/0TrPqhAMoaKUFLR7iYDokf,0TrPqhAMoaKUFLR7iYDokf,0.79,0.694,9,-7.726,0,0.0708,0.145,0.00252,0.281,0.508,103.007,181436,4
82,83,Hardest To Love,The Weeknd,7175986,https://open.spotify.com/track/6kWxIqQDsKFYCJGbU4AjCX,6kWxIqQDsKFYCJGbU4AjCX,0.467,0.608,10,-7.847,1,0.0707,0.0909,8.83e-05,0.125,0.108,80.957,211400,4
83,84,Forever (feat. Post Malone & Clever),Justin Bieber,7157487,https://open.spotify.com/track/2ZlCGeK30BLRNSPC832pNZ,2ZlCGeK30BLRNSPC832pNZ,0.825,0.483,8,-5.746,0,0.08,0.538,1.48e-05,0.204,0.892,139.98,219933,4
84,85,What If I Told You That I Love You,Ali Gatie,7135638,https://open.spotify.com/track/3cqPu20DGTGUoZtbJH2Dmi,3cqPu20DGTGUoZtbJH2Dmi,0.605,0.365,7,-11.144,1,0.111,0.63,6.83e-06,0.0554,0.224,84.628,193668,4
85,86,Beautiful People (feat. Khalid),Ed Sheeran,7092735,https://open.spotify.com/track/70eFcWOvlMObDhURTqT4Fv,70eFcWOvlMObDhURTqT4Fv,0.64,0.648,5,-8.113,0,0.187,0.124,0.0,0.0802,0.548,92.977,197867,4
86,87,Never Seen the Rain,Tones And I,6956622,https://open.spotify.com/track/2grAr8pWMuLWn8ZYEE9wDV,2grAr8pWMuLWn8ZYEE9wDV,0.485,0.461,9,-5.646,1,0.0444,0.44,0.0,0.232,0.324,87.009,200756,4
87,88,HIGHEST IN THE ROOM,Travis Scott,6916887,https://open.spotify.com/track/3eekarcy7kvN4yt5ZFzltW,3eekarcy7kvN4yt5ZFzltW,0.598,0.427,7,-8.764,0,0.0317,0.0546,5.83e-06,0.21,0.0605,76.469,175721,4
88,89,Shallow,Lady Gaga,6865024,https://open.spotify.com/track/2VxeLyX666F8uXCJ0dZF8B,2VxeLyX666F8uXCJ0dZF8B,0.572,0.385,7,-6.362,1,0.0308,0.371,0.0,0.231,0.323,95.799,215733,4
89,90,Breaking Me,Topic,6820751,https://open.spotify.com/track/3H7ihDc1dqLriiWXwsc2po,3H7ihDc1dqLriiWXwsc2po,0.789,0.72,8,-5.652,0,0.218,0.223,0.0,0.129,0.664,122.031,166794,4
90,91,In Your Eyes (feat. Alida),Robin Schulz,6809216,https://open.spotify.com/track/61ZM92T2zaXIVsqncThQzC,61ZM92T2zaXIVsqncThQzC,0.57,0.672,8,-5.89,0,0.0723,0.177,0.0,0.0768,0.448,120.019,208222,4
91,92,Good In Bed,Dua Lipa,6802068,https://open.spotify.com/track/6uAFJ75WDAoAPyCWJAtvks,6uAFJ75WDAoAPyCWJAtvks,0.727,0.701,5,-5.001,1,0.074,0.138,0.000191,0.168,0.653,94.027,218754,4
92,93,Lalala,Y2K,6796145,https://open.spotify.com/track/51Fjme0JiitpyXKuyQiCDo,51Fjme0JiitpyXKuyQiCDo,0.843,0.391,2,-7.899,1,0.0845,0.181,0.0,0.137,0.496,129.972,160627,4
93,94,To Die For,Sam Smith,6752149,https://open.spotify.com/track/2ZTYlnhhV1UAReg7wIGolx,2ZTYlnhhV1UAReg7wIGolx,0.483,0.361,0,-7.889,1,0.0738,0.832,4.66e-06,0.098,0.307,171.649,193795,4
94,95,Ballin' (with Roddy Ricch),Mustard,6709551,https://open.spotify.com/track/3QzAOrNlsabgbMwlZt7TAY,3QzAOrNlsabgbMwlZt7TAY,0.809,0.545,7,-6.678,1,0.0735,0.392,0.0,0.151,0.244,97.008,180435,4
95,96,Oprah’s Bank Account (Lil Yachty & DaBaby feat. Drake),Lil Yachty,6623578,https://open.spotify.com/track/7wsmIIm0xWmtP7TmACXkJn,7wsmIIm0xWmtP7TmACXkJn,0.836,0.617,0,-4.363,1,0.0534,0.17,0.0,0.319,0.866,138.065,206702,4
96,97,It's You,Ali Gatie,6600250,https://open.spotify.com/track/5DqdesEfbRyOlSS3Tf6c29,5DqdesEfbRyOlSS3Tf6c29,0.732,0.463,11,-6.972,0,0.0287,0.374,0.0,0.194,0.397,95.971,212607,4
97,98,Scared To Live,The Weeknd,6566099,https://open.spotify.com/track/4BGZF4oLbTL0pWm7C18pbv,4BGZF4oLbTL0pWm7C18pbv,0.504,0.498,0,-8.24,1,0.0499,0.131,0.0,0.0929,0.196,87.221,191307,4
98,99,What A Man Gotta Do,Jonas Brothers,6523931,https://open.spotify.com/track/4wNIkl5XGiAACjFBlDWuSd,4wNIkl5XGiAACjFBlDWuSd,0.852,0.698,9,-7.206,1,0.0629,0.00839,1.03e-06,0.0773,0.324,113.039,180645,4
99,100,Falling,Harry Styles,6515805,https://open.spotify.com/track/1ZMiCix7XSAbfAJlEZWMCp,1ZMiCix7XSAbfAJlEZWMCp,0.567,0.267,4,-6.502,1,0.0299,0.839,1.46e-06,0.089,0.0592,110.011,240133,4
100,101,Myron,Lil Uzi Vert,6447112,https://open.spotify.com/track/56uXDJRCuoS7abX3SkzHKQ,56uXDJRCuoS7abX3SkzHKQ,0.771,0.654,8,-6.976,0,0.299,0.055,0.0,0.214,0.571,155.048,224955,4
101,102,rockstar (feat. 21 Savage),Post Malone,6390762,https://open.spotify.com/track/0e7ipj03S05BNilyu5bRzt,0e7ipj03S05BNilyu5bRzt,0.585,0.52,5,-6.136,0,0.0712,0.124,7.01e-05,0.131,0.129,159.801,218147,4
102,103,Keii,Anuel AA,6386314,https://open.spotify.com/track/5eEQCfq7MXQr6aHLNRUZLs,5eEQCfq7MXQr6aHLNRUZLs,0.708,0.797,0,-3.095,0,0.0391,0.4,0.0,0.096,0.51,88.015,210000,4
103,104,Believer,Imagine Dragons,6382354,https://open.spotify.com/track/0pqnGHJpmpxLKifKRmU6WP,0pqnGHJpmpxLKifKRmU6WP,0.776,0.78,10,-4.374,0,0.128,0.0622,0.0,0.081,0.666,124.949,204347,4
104,105,Old Me,5 Seconds of Summer,6328258,https://open.spotify.com/track/4POHzEwNTCYaIvqCUp3NnO,4POHzEwNTCYaIvqCUp3NnO,0.721,0.62,0,-3.639,1,0.0483,0.313,0.0,0.26,0.473,127.979,186786,4
105,106,Lose You To Love Me,Selena Gomez,6313091,https://open.spotify.com/track/4l0Mvzj72xxOpRrp6h8nHi,4l0Mvzj72xxOpRrp6h8nHi,0.488,0.343,4,-8.985,1,0.0436,0.556,0.0,0.21,0.0978,102.819,206459,4
106,107,7 rings,Ariana Grande,6299663,https://open.spotify.com/track/6ocbgoVGwYJhOv1GgI9NsF,6ocbgoVGwYJhOv1GgI9NsF,0.778,0.317,1,-10.732,0,0.334,0.592,0.0,0.0881,0.327,140.048,178627,4
107,108,Blanco,J Balvin,6262903,https://open.spotify.com/track/5pXy29xzxR3aTB0SYRI590,5pXy29xzxR3aTB0SYRI590,0.872,0.692,10,-5.376,1,0.187,0.0302,0.00761,0.0871,0.693,99.982,145680,4
108,109,Watermelon Sugar,Harry Styles,6256764,https://open.spotify.com/track/6UelLqGlWMcVH1E5c4H7lY,6UelLqGlWMcVH1E5c4H7lY,0.548,0.816,0,-4.209,1,0.0465,0.122,0.0,0.335,0.557,95.39,174000,4
109,110,Get You The Moon (feat. Snøw),Kina,6210727,https://open.spotify.com/track/4ZLzoOkj0MPWrTLvooIuaa,4ZLzoOkj0MPWrTLvooIuaa,0.498,0.235,1,-16.541,0,0.188,0.72,0.0,0.144,0.0895,118.917,179080,4
110,111,Suicidal,YNW Melly,6122951,https://open.spotify.com/track/1iSqfoUFnQwV0QW1EfUit8,1iSqfoUFnQwV0QW1EfUit8,0.736,0.369,9,-9.682,0,0.0688,0.334,0.0,0.126,0.235,140.005,222997,4
111,112,BOP,DaBaby,6108594,https://open.spotify.com/track/6Ozh9Ok6h4Oi1wUSLtBseN,6Ozh9Ok6h4Oi1wUSLtBseN,0.769,0.787,11,-3.909,1,0.367,0.189,0.0,0.129,0.836,126.77,159715,4
112,113,China,Anuel AA,6108227,https://open.spotify.com/track/2ksOAxtIxY8yElEWw8RhgK,2ksOAxtIxY8yElEWw8RhgK,0.786,0.808,7,-3.702,1,0.0882,0.0846,0.000289,0.0822,0.609,105.027,301714,4
113,114,Muévelo,Nicky Jam,6085497,https://open.spotify.com/track/4VgYtXCVJ7IbWAZ5ryfvEQ,4VgYtXCVJ7IbWAZ5ryfvEQ,0.595,0.807,7,-2.409,1,0.0489,0.416,1.41e-05,0.565,0.919,188.081,194892,4
114,115,Maniac,Conan Gray,6064517,https://open.spotify.com/track/6KfoDhO4XUWSbnyKjNp9c4,6KfoDhO4XUWSbnyKjNp9c4,0.628,0.639,8,-5.46,1,0.0435,0.00162,0.0,0.354,0.493,108.045,185773,4
115,116,Alone Again,The Weeknd,6055294,https://open.spotify.com/track/6b5P51m8xx2XA6U7sdNZ5E,6b5P51m8xx2XA6U7sdNZ5E,0.218,0.652,4,-7.953,0,0.0641,0.033,0.111,0.172,0.0599,65.375,250053,4
116,117,No Idea,Don Toliver,6046484,https://open.spotify.com/track/7AzlLxHn24DxjgQX73F9fU,7AzlLxHn24DxjgQX73F9fU,0.651,0.631,6,-5.717,0,0.0896,0.519,0.000579,0.165,0.35,127.994,154424,4
117,118,Boys Will Be Boys,Dua Lipa,6015914,https://open.spotify.com/track/0vQcyuMEfRBd21ojZ62N2L,0vQcyuMEfRBd21ojZ62N2L,0.766,0.485,3,-5.952,1,0.0349,0.41,0.0,0.102,0.522,124.99,166266,4
118,119,Happier,Marshmello,6008606,https://open.spotify.com/track/2dpaYNEQHiRxtZbfNsse99,2dpaYNEQHiRxtZbfNsse99,0.687,0.792,5,-2.749,1,0.0452,0.191,0.0,0.167,0.671,100.015,214290,4
119,120,Bandit (with YoungBoy Never Broke Again),Juice WRLD,6001893,https://open.spotify.com/track/6Gg1gjgKi2AK4e0qzsR7sd,6Gg1gjgKi2AK4e0qzsR7sd,0.474,0.631,5,-5.884,0,0.343,0.0687,0.0,0.132,0.425,180.051,189323,4
120,121,ily (i love you baby) (feat. Emilee),Surf Mesa,6001520,https://open.spotify.com/track/62aP9fBQKYKxi7PDXwcUAS,62aP9fBQKYKxi7PDXwcUAS,0.674,0.774,11,-7.567,0,0.0892,0.0686,0.00188,0.393,0.33,112.05,176547,4
121,122,Auto Blu,Shiva,5995116,https://open.spotify.com/track/2chEq24EHjyw9Zjmwq0hlS,2chEq24EHjyw9Zjmwq0hlS,0.82,0.783,5,-6.146,0,0.0621,0.0158,0.0,0.0938,0.653,130.015,166087,4
122,123,A Tu Merced,Bad Bunny,5992327,https://open.spotify.com/track/4r9jkMEnArtWGH2rL2FZl0,4r9jkMEnArtWGH2rL2FZl0,0.86,0.791,0,-4.784,1,0.0568,0.169,0.000106,0.106,0.887,92.023,175918,4
123,124,Goodbyes (Feat. Young Thug),Post Malone,5968429,https://open.spotify.com/track/6vBdBCoOhKHiYDDOcorfNo,6vBdBCoOhKHiYDDOcorfNo,0.58,0.653,5,-3.818,1,0.0745,0.447,0.0,0.111,0.175,150.231,174960,4
124,125,SAD!,XXXTENTACION,5958846,https://open.spotify.com/track/3ee8Jmje8o58CHK66QrVC2,3ee8Jmje8o58CHK66QrVC2,0.74,0.613,8,-4.88,1,0.145,0.258,0.00372,0.123,0.473,75.023,166606,4
125,126,I Love Me,Demi Lovato,5958240,https://open.spotify.com/track/2IHLaN6wwYKQ3S24NsQqpA,2IHLaN6wwYKQ3S24NsQqpA,0.664,0.561,6,-7.031,1,0.0495,0.00261,0.0,0.0764,0.713,150.093,203672,4
126,127,Jocelyn Flores,XXXTENTACION,5955407,https://open.spotify.com/track/7m9OqQk4RVRkw9JJdeAw96,7m9OqQk4RVRkw9JJdeAw96,0.872,0.391,0,-9.144,0,0.242,0.469,4.13e-06,0.297,0.437,134.021,119133,4
127,128,OUT WEST (feat. Young Thug),JACKBOYS,5949629,https://open.spotify.com/track/6gi6y1xwmVszDWkUqab1qw,6gi6y1xwmVszDWkUqab1qw,0.802,0.591,8,-4.895,1,0.225,0.0104,0.0,0.196,0.309,139.864,157712,4
128,129,Me Gusta,Shakira,5935867,https://open.spotify.com/track/5Xhqh4lwJPtMUTsdBztN1a,5Xhqh4lwJPtMUTsdBztN1a,0.775,0.696,1,-5.184,0,0.0681,0.0559,0.00184,0.157,0.775,92.007,190570,4
129,130,LA CANCIÓN,J Balvin,5922219,https://open.spotify.com/track/0fea68AdmYNygeTGI4RC18,0fea68AdmYNygeTGI4RC18,0.754,0.646,7,-5.795,1,0.317,0.152,1.85e-05,0.108,0.429,176.089,242573,4
130,131,Pero Ya No,Bad Bunny,5922126,https://open.spotify.com/track/75pQqzwgCjUOSSy5CpmAjy,75pQqzwgCjUOSSy5CpmAjy,0.882,0.612,4,-6.103,1,0.118,0.0475,5.07e-06,0.182,0.742,147.982,160638,4
131,132,Du bist mein,Zuna,5878493,https://open.spotify.com/track/719aY5gAzJbx2PHjyalZQu,719aY5gAzJbx2PHjyalZQu,0.761,0.556,1,-6.943,1,0.364,0.138,0.000175,0.0976,0.521,187.81,160357,4
132,133,Azul,J Balvin,5876474,https://open.spotify.com/track/2lCkncy6bIB0LTMT7kvrD1,2lCkncy6bIB0LTMT7kvrD1,0.843,0.836,11,-2.474,0,0.0695,0.0816,0.00138,0.0532,0.65,94.018,205933,4
133,134,Too Late,The Weeknd,5867746,https://open.spotify.com/track/2K9Ovn1o2bTGqbsABGC6m3,2K9Ovn1o2bTGqbsABGC6m3,0.638,0.863,4,-5.221,0,0.132,0.052,5.46e-05,0.685,0.226,120.077,239973,4
134,135,Ransom,Lil Tecca,5812129,https://open.spotify.com/track/1lOe9qE0vR9zwWQAOk6CoO,1lOe9qE0vR9zwWQAOk6CoO,0.745,0.642,7,-6.257,0,0.287,0.0204,0.0,0.0658,0.226,179.974,131240,4
135,136,Wildflower,5 Seconds of Summer,5791343,https://open.spotify.com/track/353IDEfNzPJmGNRnOi5kJ1,353IDEfNzPJmGNRnOi5kJ1,0.643,0.768,6,-4.316,1,0.0455,0.174,0.0,0.469,0.597,108.992,220536,4
136,137,Bohemian Rhapsody - 2011 Mix,Queen,5786616,https://open.spotify.com/track/4u7EnebtmKWzUH433cf5Qv,4u7EnebtmKWzUH433cf5Qv,0.414,0.404,0,-9.928,0,0.0499,0.271,0.0,0.3,0.224,71.105,354320,4
137,138,Faith,The Weeknd,5730081,https://open.spotify.com/track/3orEOtd8CPL8GFlpRpKuoE,3orEOtd8CPL8GFlpRpKuoE,0.375,0.605,0,-7.268,0,0.0729,0.612,0.0448,0.147,0.128,175.946,283227,4
138,139,Callaita,Bad Bunny,5698619,https://open.spotify.com/track/2TH65lNHgvLxCKXM3apjxI,2TH65lNHgvLxCKXM3apjxI,0.61,0.624,2,-4.773,1,0.309,0.6,2.12e-06,0.243,0.244,176.169,250534,4
139,140,Bruises,Lewis Capaldi,5668712,https://open.spotify.com/track/4Of7rzpRpV1mWRbhp5rAqG,4Of7rzpRpV1mWRbhp5rAqG,0.736,0.308,4,-7.83,1,0.0677,0.946,0.0,0.186,0.361,111.202,220492,4
140,141,Old Town Road - Remix,Lil Nas X,5661062,https://open.spotify.com/track/2YpeDb67231RjR0MgVLzsG,2YpeDb67231RjR0MgVLzsG,0.878,0.619,6,-5.56,1,0.102,0.0533,0.0,0.113,0.639,136.041,157067,4
141,142,Go Stupid,Polo G,5635659,https://open.spotify.com/track/74fV8TuLZKVzSIOOGu8wwI,74fV8TuLZKVzSIOOGu8wwI,0.92,0.833,1,-3.18,1,0.253,0.0277,0.0,0.0596,0.645,141.033,165726,4
142,143,Without Me,Halsey,5587801,https://open.spotify.com/track/6FZDfxM3a3UCqtzo5pxSLZ,6FZDfxM3a3UCqtzo5pxSLZ,0.752,0.488,6,-7.05,1,0.0705,0.297,9.11e-06,0.0936,0.533,136.041,201661,4
143,144,Can We Kiss Forever?,Kina,5571734,https://open.spotify.com/track/58wyJLv6yH1La9NIZPl3ne,58wyJLv6yH1La9NIZPl3ne,0.522,0.128,4,-18.717,1,0.0357,0.894,0.026,0.0941,0.124,109.986,187932,4
144,145,Fantasias,Rauw Alejandro,5557803,https://open.spotify.com/track/6mAN61JH0dzyZpWslS11jy,6mAN61JH0dzyZpWslS11jy,0.879,0.703,1,-4.219,1,0.0701,0.143,0.0,0.0569,0.788,94.004,199711,4
145,146,No Me Conoce - Remix,Jhay Cortez,5524832,https://open.spotify.com/track/4R8BJggjosTswLxtkw8V7P,4R8BJggjosTswLxtkw8V7P,0.806,0.786,10,-3.831,0,0.0741,0.145,0.0,0.0935,0.58,91.973,309120,4
146,147,SUGAR,BROCKHAMPTON,5482645,https://open.spotify.com/track/6U0FIYXCQ3TGrk4tFpLrEA,6U0FIYXCQ3TGrk4tFpLrEA,0.453,0.538,1,-8.212,1,0.0638,0.449,0.0,0.19,0.516,122.973,204533,4
147,148,Say You Won't Let Go,James Arthur,5451600,https://open.spotify.com/track/5uCax9HTNlzGybIStD3vDh,5uCax9HTNlzGybIStD3vDh,0.358,0.557,10,-7.398,1,0.059,0.695,0.0,0.0902,0.494,85.043,211467,4
148,149,Snowchild,The Weeknd,5423997,https://open.spotify.com/track/3WlbeuhfRSqU7ylK2Ui5U7,3WlbeuhfRSqU7ylK2Ui5U7,0.55,0.611,0,-7.475,1,0.137,0.162,6.88e-05,0.121,0.243,148.062,247187,4
149,150,Shape of You,Ed Sheeran,5383570,https://open.spotify.com/track/7qiZfU4dY1lWllzX7mPBI3,7qiZfU4dY1lWllzX7mPBI3,0.825,0.652,1,-3.183,0,0.0802,0.581,0.0,0.0931,0.931,95.977,233713,4
150,151,July,Noah Cyrus,5383294,https://open.spotify.com/track/5a6pdCHlWS2ekOOQ70QnAr,5a6pdCHlWS2ekOOQ70QnAr,0.708,0.186,9,-8.953,0,0.0422,0.868,0.0,0.0779,0.321,72.541,156107,4
151,152,Make You Mine,PUBLIC,5381021,https://open.spotify.com/track/5iFwAOB2TFkPJk8sMlxP8g,5iFwAOB2TFkPJk8sMlxP8g,0.606,0.799,9,-4.452,1,0.0261,0.0128,0.0,0.15,0.638,103.014,232907,4
152,153,Escape From LA,The Weeknd,5307288,https://open.spotify.com/track/1sOW4PuG5X3Ie3EXUhAopJ,1sOW4PuG5X3Ie3EXUhAopJ,0.404,0.524,5,-8.996,0,0.0593,0.0456,0.00316,0.199,0.168,145.74,355960,4
153,154,WANNABE,ITZY,5302794,https://open.spotify.com/track/6tCssnvTUREcperDOUTqvA,6tCssnvTUREcperDOUTqvA,0.809,0.911,6,-4.41,0,0.0617,0.00795,0.000179,0.181,0.64,122.035,191242,4
154,155,Wow.,Post Malone,5248627,https://open.spotify.com/track/7xQAfvXzm3AkraOtGPWIZg,7xQAfvXzm3AkraOtGPWIZg,0.829,0.539,11,-7.359,0,0.208,0.136,1.78e-06,0.103,0.388,99.96,149547,4
155,156,Sucker,Jonas Brothers,5243369,https://open.spotify.com/track/22vgEDb5hykfaTwLuskFGD,22vgEDb5hykfaTwLuskFGD,0.842,0.734,1,-5.065,0,0.0588,0.0427,0.0,0.106,0.952,137.958,181027,4
156,157,Salt,Ava Max,5221264,https://open.spotify.com/track/7vgv8KZBSo0TPzyIWG9yzV,7vgv8KZBSo0TPzyIWG9yzV,0.693,0.835,6,-3.242,1,0.0623,0.131,0.0,0.073,0.743,128.052,180283,4
157,158,Robbery,Juice WRLD,5216141,https://open.spotify.com/track/6Hj9jySrnFppAI0sEMCZpJ,6Hj9jySrnFppAI0sEMCZpJ,0.685,0.692,2,-5.122,1,0.0457,0.328,0.0,0.153,0.578,159.966,240051,5
158,159,Perfect,Ed Sheeran,5188275,https://open.spotify.com/track/0tgVpDi06FyKpA1z0VMD4v,0tgVpDi06FyKpA1z0VMD4v,0.599,0.448,8,-6.312,1,0.0232,0.163,0.0,0.106,0.168,95.05,263400,3
159,160,ocean eyes,Billie Eilish,5122263,https://open.spotify.com/track/2uIX8YMNjGMD7441kqyyNU,2uIX8YMNjGMD7441kqyyNU,0.475,0.37,4,-7.725,0,0.0361,0.819,0.0577,0.0841,0.157,144.828,200560,4
160,161,Allein sein,Ufo361,5119993,https://open.spotify.com/track/2TrhpvxwuF6hrboTdRXwnS,2TrhpvxwuF6hrboTdRXwnS,0.774,0.588,1,-8.529,1,0.225,0.0386,0.0,0.258,0.392,75.978,147353,4
161,162,How Do You Sleep?,Sam Smith,5029177,https://open.spotify.com/track/6b2RcmUt1g9N9mQ3CbjX2Y,6b2RcmUt1g9N9mQ3CbjX2Y,0.477,0.682,1,-4.931,0,0.0925,0.153,0.0,0.0763,0.345,110.567,202205,5
162,163,Moonlight,XXXTENTACION,5028409,https://open.spotify.com/track/0JP9xo3adEtGSdUEISiszL,0JP9xo3adEtGSdUEISiszL,0.921,0.537,9,-5.723,0,0.0804,0.556,0.00404,0.102,0.711,128.009,135090,4
163,164,Dior,Pop Smoke,4950647,https://open.spotify.com/track/79s5XnCN4TJKTVMSmOx8Ep,79s5XnCN4TJKTVMSmOx8Ep,0.548,0.805,7,-5.732,1,0.351,0.212,0.000389,0.408,0.648,142.094,216387,4
164,165,Bichiyal,Bad Bunny,4946613,https://open.spotify.com/track/4j4w4CXm6BSr0s25wAWrrX,4j4w4CXm6BSr0s25wAWrrX,0.737,0.766,10,-4.242,0,0.0458,0.31,6.63e-06,0.114,0.662,93.956,196500,4
165,166,SICKO MODE,Travis Scott,4916292,https://open.spotify.com/track/2xLMifQCjDGFmkHkpNLD9h,2xLMifQCjDGFmkHkpNLD9h,0.834,0.73,8,-3.714,1,0.222,0.00513,0.0,0.124,0.446,155.008,312820,4
166,167,goosebumps,Travis Scott,4909267,https://open.spotify.com/track/6gBFPUFcJLzWGx4lenP6h2,6gBFPUFcJLzWGx4lenP6h2,0.841,0.728,7,-3.37,1,0.0484,0.0847,0.0,0.149,0.43,130.049,243837,4
167,168,Medusa,Jhay Cortez,4901559,https://open.spotify.com/track/3qM0vBxIe4VUbK0Z0smuVP,3qM0vBxIe4VUbK0Z0smuVP,0.886,0.604,0,-7.293,1,0.208,0.194,3.15e-06,0.107,0.383,98.023,305333,4
168,169,"Alone, Pt. II",Alan Walker,4855108,https://open.spotify.com/track/0bMbDctzMmTyK2j74j3nF3,0bMbDctzMmTyK2j74j3nF3,0.67,0.668,3,-4.306,0,0.0422,0.536,0.0,0.133,0.608,88.033,179053,4
169,170,Higher Love,Kygo,4843251,https://open.spotify.com/track/6oJ6le65B3SEqPwMRNXWjY,6oJ6le65B3SEqPwMRNXWjY,0.693,0.678,8,-7.159,1,0.0324,0.0154,6.05e-06,0.101,0.404,103.952,228267,4
170,171,The Take (feat. Chris Brown),Tory Lanez,4841821,https://open.spotify.com/track/0Odu228D0yGcFySGuxU4rY,0Odu228D0yGcFySGuxU4rY,0.464,0.547,7,-8.137,0,0.339,0.0511,0.0,0.155,0.423,67.003,221492,4
171,172,Jangueo,Alex Rose,4801088,https://open.spotify.com/track/5m3jpKkgkfoMcym1qjToFg,5m3jpKkgkfoMcym1qjToFg,0.851,0.688,11,-4.038,1,0.0565,0.238,1.93e-05,0.105,0.732,103.982,259600,4
172,173,Fantasias - Remix,Rauw Alejandro,4794560,https://open.spotify.com/track/0A37XY67wSdGqkGjtfW6aV,0A37XY67wSdGqkGjtfW6aV,0.816,0.72,1,-4.454,1,0.0684,0.206,0.0,0.277,0.78,94.004,267242,4
173,174,Sweet but Psycho,Ava Max,4783980,https://open.spotify.com/track/25sgk305KZfyuqVBQIahim,25sgk305KZfyuqVBQIahim,0.719,0.704,1,-4.724,1,0.0476,0.0691,0.0,0.166,0.628,133.002,187436,4
174,175,Money In The Grave (Drake ft. Rick Ross),Drake,4778605,https://open.spotify.com/track/5ry2OE6R2zPQFDO85XkgRb,5ry2OE6R2zPQFDO85XkgRb,0.831,0.502,10,-4.045,0,0.046,0.101,0.0,0.122,0.101,100.541,205427,4
175,176,Lights Up,Harry Styles,4772728,https://open.spotify.com/track/4jAIqgrPjKLTY9Gbez25Qb,4jAIqgrPjKLTY9Gbez25Qb,0.575,0.621,10,-8.165,0,0.032,0.0392,0.0045,0.141,0.27,101.987,172213,4
176,177,Eastside (with Halsey & Khalid),benny blanco,4769656,https://open.spotify.com/track/7FGq80cy8juXBCD2nrqdWU,7FGq80cy8juXBCD2nrqdWU,0.632,0.686,6,-7.665,0,0.243,0.549,0.0,0.2,0.329,89.949,170770,4
177,178,All of Me,John Legend,4758889,https://open.spotify.com/track/3U4isOIWM3VvDubwSI3y7a,3U4isOIWM3VvDubwSI3y7a,0.422,0.264,8,-7.064,1,0.0322,0.922,0.0,0.132,0.331,119.93,269560,4
178,179,The Less I Know The Better,Tame Impala,4728529,https://open.spotify.com/track/6K4t31amVTZDgR3sKmwUJJ,6K4t31amVTZDgR3sKmwUJJ,0.64,0.74,4,-4.083,1,0.0284,0.0115,0.00678,0.167,0.785,116.879,216320,4
179,180,Hate Me (with Juice WRLD),Ellie Goulding,4689263,https://open.spotify.com/track/6kls8cSlUyHW2BUOkDJIZE,6kls8cSlUyHW2BUOkDJIZE,0.657,0.768,8,-4.628,1,0.0507,0.108,0.0,0.144,0.759,75.025,186223,4
180,181,A Gente Fez Amor - Ao Vivo,Gusttavo Lima,4678630,https://open.spotify.com/track/3tv697PZNnaQN0Mn2zGhS5,3tv697PZNnaQN0Mn2zGhS5,0.793,0.937,8,-2.44,0,0.0336,0.366,4.27e-06,0.962,0.827,134.012,237517,4
181,182,Piece Of Your Heart,MEDUZA,4677891,https://open.spotify.com/track/1DFD5Fotzgn6yYXkYsKiGs,1DFD5Fotzgn6yYXkYsKiGs,0.677,0.744,10,-6.806,0,0.0295,0.0404,0.00016,0.074,0.631,124.08,152913,4
182,183,Takeaway,The Chainsmokers,4677784,https://open.spotify.com/track/3g0mEQx3NTanacLseoP0Gw,3g0mEQx3NTanacLseoP0Gw,0.528,0.511,3,-8.144,1,0.0324,0.126,0.0,0.101,0.351,100.1,209880,4
183,184,Let Me Down Slowly,Alec Benjamin,4665197,https://open.spotify.com/track/2qxmye6gAegTMjLKEBoR3d,2qxmye6gAegTMjLKEBoR3d,0.652,0.557,1,-5.714,0,0.0318,0.74,0.0,0.124,0.483,150.073,169354,4
184,185,Dancing With A Stranger (with Normani),Sam Smith,4660323,https://open.spotify.com/track/6Qs4SXO9dwPj5GKvVOv8Ki,6Qs4SXO9dwPj5GKvVOv8Ki,0.741,0.52,8,-7.513,1,0.0656,0.45,1.97e-06,0.222,0.347,102.998,171030,4
185,186,Better Now,Post Malone,4596755,https://open.spotify.com/track/7dt6x5M1jzdTEt8oCbisTK,7dt6x5M1jzdTEt8oCbisTK,0.68,0.578,10,-5.804,1,0.04,0.331,0.0,0.135,0.341,145.038,231267,4
186,187,Break Up Song,Little Mix,4593343,https://open.spotify.com/track/3fEoJxnPpfIHwFHKiFtqbA,3fEoJxnPpfIHwFHKiFtqbA,0.626,0.749,5,-5.406,1,0.0443,0.00515,0.0,0.215,0.6,90.033,200299,4
187,188,Teeth,5 Seconds of Summer,4571612,https://open.spotify.com/track/26wLOs3ZuHJa2Ihhx6QIE6,26wLOs3ZuHJa2Ihhx6QIE6,0.749,0.461,10,-2.961,0,0.0416,0.0516,6.24e-06,0.0738,0.42,139.02,204887,4
188,189,Kings & Queens,Ava Max,4570226,https://open.spotify.com/track/76nqCfJOcFFWBJN32PAksn,76nqCfJOcFFWBJN32PAksn,0.638,0.688,1,-4.056,0,0.0407,0.00775,0.0,0.126,0.434,129.856,162399,4
189,190,Youngblood,5 Seconds of Summer,4564565,https://open.spotify.com/track/2iUXsYOEPhVqEBwsqP70rE,2iUXsYOEPhVqEBwsqP70rE,0.596,0.854,7,-5.114,0,0.463,0.0169,0.0,0.124,0.152,120.274,203418,4
190,191,Be Alright,Dean Lewis,4559617,https://open.spotify.com/track/5qrSlOut2rNAWv3ubArkNy,5qrSlOut2rNAWv3ubArkNy,0.551,0.537,11,-7.595,1,0.034,0.705,0.0,0.0802,0.493,126.421,196493,4
191,192,Cradles,Sub Urban,4545934,https://open.spotify.com/track/1y4jsQt7MjnZhiD1L6qFBC,1y4jsQt7MjnZhiD1L6qFBC,0.534,0.589,1,-1.865,1,0.325,0.256,6.02e-05,0.176,0.632,78.616,209829,4
192,193,Starboy,The Weeknd,4543337,https://open.spotify.com/track/7MXVkk9YMctZqd1Srtv4MB,7MXVkk9YMctZqd1Srtv4MB,0.678,0.588,7,-7.015,1,0.276,0.141,6.35e-06,0.137,0.486,186.005,230453,4
193,194,I Like Me Better,Lauv,4509497,https://open.spotify.com/track/2P91MQbaiQOfbiz9VqhqKQ,2P91MQbaiQOfbiz9VqhqKQ,0.752,0.505,9,-7.621,1,0.253,0.535,2.55e-06,0.104,0.419,91.97,197437,4
194,195,3 Nights,Dominic Fike,4489312,https://open.spotify.com/track/0uI7yAKUf52Cn7y3sYyjiX,0uI7yAKUf52Cn7y3sYyjiX,0.815,0.518,7,-6.594,0,0.0897,0.223,0.0,0.104,0.877,151.891,177667,4
195,196,"thank u, next",Ariana Grande,4482520,https://open.spotify.com/track/3e9HZxeyfWwjeyPAMmWSSQ,3e9HZxeyfWwjeyPAMmWSSQ,0.717,0.653,1,-5.634,1,0.0658,0.229,0.0,0.101,0.412,106.966,207320,4
196,197,PTSD,G Herbo,4476329,https://open.spotify.com/track/3jT2LKH0RSbQ8jIUNFzXm5,3jT2LKH0RSbQ8jIUNFzXm5,0.883,0.808,1,-3.158,0,0.183,0.0317,0.0,0.207,0.805,119.012,232065,4
197,198,changes,XXXTENTACION,4474613,https://open.spotify.com/track/7AFASza1mXqntmGtbxXprO,7AFASza1mXqntmGtbxXprO,0.669,0.308,11,-10.068,1,0.029,0.883,0.0,0.0984,0.52,64.934,121887,4
198,199,XO Tour Llif3,Lil Uzi Vert,4463723,https://open.spotify.com/track/7GX5flRQZVHRAGd6B4TmDO,7GX5flRQZVHRAGd6B4TmDO,0.732,0.75,11,-6.366,0,0.231,0.00264,0.0,0.109,0.401,155.096,182707,4
199,200,BRABA,Luísa Sonza,4442529,https://open.spotify.com/track/2WlZuBDgLfT7Kc0admhFdg,2WlZuBDgLfT7Kc0admhFdg,0.811,0.689,0,-5.113,0,0.0615,0.181,2.55e-05,0.0784,0.663,144.015,129782,4
